id,create_time,date,week,month,fiscal_year
66175,2026/3/13 20:33,2025/1/1 0:00,WK1,Jan,FY24
66176,2026/3/13 20:33,2025/1/2 0:00,WK1,Jan,FY24
66177,2026/3/13 20:33,2025/1/3 0:00,WK1,Jan,FY24
66178,2026/3/13 20:33,2025/1/4 0:00,WK1,Jan,FY24
66179,2026/3/13 20:33,2025/1/5 0:00,WK1,Jan,FY24
66180,2026/3/13 20:33,2025/1/6 0:00,WK2,Jan,FY24
66181,2026/3/13 20:33,2025/1/7 0:00,WK2,Jan,FY24
66182,2026/3/13 20:33,2025/1/8 0:00,WK2,Jan,FY24
66183,2026/3/13 20:33,2025/1/9 0:00,WK2,Jan,FY24
66184,2026/3/13 20:33,2025/1/10 0:00,WK2,Jan,FY24
66185,2026/3/13 20:33,2025/1/11 0:00,WK2,Jan,FY24
66186,2026/3/13 20:33,2025/1/12 0:00,WK2,Jan,FY24
66187,2026/3/13 20:33,2025/1/13 0:00,WK3,Jan,FY24
66188,2026/3/13 20:33,2025/1/14 0:00,WK3,Jan,FY24
66189,2026/3/13 20:33,2025/1/15 0:00,WK3,Jan,FY24
66190,2026/3/13 20:33,2025/1/16 0:00,WK3,Jan,FY24
66191,2026/3/13 20:33,2025/1/17 0:00,WK3,Jan,FY24
66192,2026/3/13 20:33,2025/1/18 0:00,WK3,Jan,FY24
66193,2026/3/13 20:33,2025/1/19 0:00,WK3,Jan,FY24
66194,2026/3/13 20:33,2025/1/20 0:00,WK4,Jan,FY24
66195,2026/3/13 20:33,2025/1/21 0:00,WK4,Jan,FY24
66196,2026/3/13 20:33,2025/1/22 0:00,WK4,Jan,FY24
66197,2026/3/13 20:33,2025/1/23 0:00,WK4,Jan,FY24
66198,2026/3/13 20:33,2025/1/24 0:00,WK4,Jan,FY24
66199,2026/3/13 20:33,2025/1/25 0:00,WK4,Jan,FY24
66200,2026/3/13 20:33,2025/1/26 0:00,WK4,Jan,FY24
66201,2026/3/13 20:33,2025/1/27 0:00,WK5,Jan,FY24
66202,2026/3/13 20:33,2025/1/28 0:00,WK5,Jan,FY24
66203,2026/3/13 20:33,2025/1/29 0:00,WK5,Jan,FY24
66204,2026/3/13 20:33,2025/1/30 0:00,WK5,Jan,FY24
66205,2026/3/13 20:33,2025/1/31 0:00,WK5,Jan,FY24
66206,2026/3/13 20:33,2025/2/1 0:00,WK5,Jan,FY24
66207,2026/3/13 20:33,2025/2/2 0:00,WK5,Jan,FY24
66208,2026/3/13 20:33,2025/2/3 0:00,WK6,Feb,FY24
66209,2026/3/13 20:33,2025/2/4 0:00,WK6,Feb,FY24
66210,2026/3/13 20:33,2025/2/5 0:00,WK6,Feb,FY24
66211,2026/3/13 20:33,2025/2/6 0:00,WK6,Feb,FY24
66212,2026/3/13 20:33,2025/2/7 0:00,WK6,Feb,FY24
66213,2026/3/13 20:33,2025/2/8 0:00,WK6,Feb,FY24
66214,2026/3/13 20:33,2025/2/9 0:00,WK6,Feb,FY24
66215,2026/3/13 20:33,2025/2/10 0:00,WK7,Feb,FY24
66216,2026/3/13 20:33,2025/2/11 0:00,WK7,Feb,FY24
66217,2026/3/13 20:33,2025/2/12 0:00,WK7,Feb,FY24
66218,2026/3/13 20:33,2025/2/13 0:00,WK7,Feb,FY24
66219,2026/3/13 20:33,2025/2/14 0:00,WK7,Feb,FY24
66220,2026/3/13 20:33,2025/2/15 0:00,WK7,Feb,FY24
66221,2026/3/13 20:33,2025/2/16 0:00,WK7,Feb,FY24
66222,2026/3/13 20:33,2025/2/17 0:00,WK8,Feb,FY24
66223,2026/3/13 20:33,2025/2/18 0:00,WK8,Feb,FY24
66224,2026/3/13 20:33,2025/2/19 0:00,WK8,Feb,FY24
66225,2026/3/13 20:33,2025/2/20 0:00,WK8,Feb,FY24
66226,2026/3/13 20:33,2025/2/21 0:00,WK8,Feb,FY24
66227,2026/3/13 20:33,2025/2/22 0:00,WK8,Feb,FY24
66228,2026/3/13 20:33,2025/2/23 0:00,WK8,Feb,FY24
66229,2026/3/13 20:33,2025/2/24 0:00,WK9,Feb,FY24
66230,2026/3/13 20:33,2025/2/25 0:00,WK9,Feb,FY24
66231,2026/3/13 20:33,2025/2/26 0:00,WK9,Feb,FY24
66232,2026/3/13 20:33,2025/2/27 0:00,WK9,Feb,FY24
66233,2026/3/13 20:33,2025/2/28 0:00,WK9,Feb,FY24
66234,2026/3/13 20:33,2025/3/1 0:00,WK9,Feb,FY24
66235,2026/3/13 20:33,2025/3/2 0:00,WK9,Feb,FY24
66236,2026/3/13 20:33,2025/3/3 0:00,WK10,Mar,FY24
66237,2026/3/13 20:33,2025/3/4 0:00,WK10,Mar,FY24
66238,2026/3/13 20:33,2025/3/5 0:00,WK10,Mar,FY24
66239,2026/3/13 20:33,2025/3/6 0:00,WK10,Mar,FY24
66240,2026/3/13 20:33,2025/3/7 0:00,WK10,Mar,FY24
66241,2026/3/13 20:33,2025/3/8 0:00,WK10,Mar,FY24
66242,2026/3/13 20:33,2025/3/9 0:00,WK10,Mar,FY24
66243,2026/3/13 20:33,2025/3/10 0:00,WK11,Mar,FY24
66244,2026/3/13 20:33,2025/3/11 0:00,WK11,Mar,FY24
66245,2026/3/13 20:33,2025/3/12 0:00,WK11,Mar,FY24
66246,2026/3/13 20:33,2025/3/13 0:00,WK11,Mar,FY24
66247,2026/3/13 20:33,2025/3/14 0:00,WK11,Mar,FY24
66248,2026/3/13 20:33,2025/3/15 0:00,WK11,Mar,FY24
66249,2026/3/13 20:33,2025/3/16 0:00,WK11,Mar,FY24
66250,2026/3/13 20:33,2025/3/17 0:00,WK12,Mar,FY24
66251,2026/3/13 20:33,2025/3/18 0:00,WK12,Mar,FY24
66252,2026/3/13 20:33,2025/3/19 0:00,WK12,Mar,FY24
66253,2026/3/13 20:33,2025/3/20 0:00,WK12,Mar,FY24
66254,2026/3/13 20:33,2025/3/21 0:00,WK12,Mar,FY24
66255,2026/3/13 20:33,2025/3/22 0:00,WK12,Mar,FY24
66256,2026/3/13 20:33,2025/3/23 0:00,WK12,Mar,FY24
66257,2026/3/13 20:33,2025/3/24 0:00,WK13,Mar,FY24
66258,2026/3/13 20:33,2025/3/25 0:00,WK13,Mar,FY24
66259,2026/3/13 20:33,2025/3/26 0:00,WK13,Mar,FY24
66260,2026/3/13 20:33,2025/3/27 0:00,WK13,Mar,FY24
66261,2026/3/13 20:33,2025/3/28 0:00,WK13,Mar,FY24
66262,2026/3/13 20:33,2025/3/29 0:00,WK13,Mar,FY24
66263,2026/3/13 20:33,2025/3/30 0:00,WK13,Mar,FY24
66264,2026/3/13 20:33,2025/3/31 0:00,WK14,Apr,FY25
66265,2026/3/13 20:33,2025/4/1 0:00,WK14,Apr,FY25
66266,2026/3/13 20:33,2025/4/2 0:00,WK14,Apr,FY25
66267,2026/3/13 20:33,2025/4/3 0:00,WK14,Apr,FY25
66268,2026/3/13 20:33,2025/4/4 0:00,WK14,Apr,FY25
66269,2026/3/13 20:33,2025/4/5 0:00,WK14,Apr,FY25
66270,2026/3/13 20:33,2025/4/6 0:00,WK14,Apr,FY25
66271,2026/3/13 20:33,2025/4/7 0:00,WK15,Apr,FY25
66272,2026/3/13 20:33,2025/4/8 0:00,WK15,Apr,FY25
66273,2026/3/13 20:33,2025/4/9 0:00,WK15,Apr,FY25
66274,2026/3/13 20:33,2025/4/10 0:00,WK15,Apr,FY25
66275,2026/3/13 20:33,2025/4/11 0:00,WK15,Apr,FY25
66276,2026/3/13 20:33,2025/4/12 0:00,WK15,Apr,FY25
66277,2026/3/13 20:33,2025/4/13 0:00,WK15,Apr,FY25
66278,2026/3/13 20:33,2025/4/14 0:00,WK16,Apr,FY25
66279,2026/3/13 20:33,2025/4/15 0:00,WK16,Apr,FY25
66280,2026/3/13 20:33,2025/4/16 0:00,WK16,Apr,FY25
66281,2026/3/13 20:33,2025/4/17 0:00,WK16,Apr,FY25
66282,2026/3/13 20:33,2025/4/18 0:00,WK16,Apr,FY25
66283,2026/3/13 20:33,2025/4/19 0:00,WK16,Apr,FY25
66284,2026/3/13 20:33,2025/4/20 0:00,WK16,Apr,FY25
66285,2026/3/13 20:33,2025/4/21 0:00,WK17,Apr,FY25
66286,2026/3/13 20:33,2025/4/22 0:00,WK17,Apr,FY25
66287,2026/3/13 20:33,2025/4/23 0:00,WK17,Apr,FY25
66288,2026/3/13 20:33,2025/4/24 0:00,WK17,Apr,FY25
66289,2026/3/13 20:33,2025/4/25 0:00,WK17,Apr,FY25
66290,2026/3/13 20:33,2025/4/26 0:00,WK17,Apr,FY25
66291,2026/3/13 20:33,2025/4/27 0:00,WK17,Apr,FY25
66292,2026/3/13 20:33,2025/4/28 0:00,WK18,May,FY25
66293,2026/3/13 20:33,2025/4/29 0:00,WK18,May,FY25
66294,2026/3/13 20:33,2025/4/30 0:00,WK18,May,FY25
66295,2026/3/13 20:33,2025/5/1 0:00,WK18,May,FY25
66296,2026/3/13 20:33,2025/5/2 0:00,WK18,May,FY25
66297,2026/3/13 20:33,2025/5/3 0:00,WK18,May,FY25
66298,2026/3/13 20:33,2025/5/4 0:00,WK18,May,FY25
66299,2026/3/13 20:33,2025/5/5 0:00,WK19,May,FY25
66300,2026/3/13 20:33,2025/5/6 0:00,WK19,May,FY25
66301,2026/3/13 20:33,2025/5/7 0:00,WK19,May,FY25
66302,2026/3/13 20:33,2025/5/8 0:00,WK19,May,FY25
66303,2026/3/13 20:33,2025/5/9 0:00,WK19,May,FY25
66304,2026/3/13 20:33,2025/5/10 0:00,WK19,May,FY25
66305,2026/3/13 20:33,2025/5/11 0:00,WK19,May,FY25
66306,2026/3/13 20:33,2025/5/12 0:00,WK20,May,FY25
66307,2026/3/13 20:33,2025/5/13 0:00,WK20,May,FY25
66308,2026/3/13 20:33,2025/5/14 0:00,WK20,May,FY25
66309,2026/3/13 20:33,2025/5/15 0:00,WK20,May,FY25
66310,2026/3/13 20:33,2025/5/16 0:00,WK20,May,FY25
66311,2026/3/13 20:33,2025/5/17 0:00,WK20,May,FY25
66312,2026/3/13 20:33,2025/5/18 0:00,WK20,May,FY25
66313,2026/3/13 20:33,2025/5/19 0:00,WK21,May,FY25
66314,2026/3/13 20:33,2025/5/20 0:00,WK21,May,FY25
66315,2026/3/13 20:33,2025/5/21 0:00,WK21,May,FY25
66316,2026/3/13 20:33,2025/5/22 0:00,WK21,May,FY25
66317,2026/3/13 20:33,2025/5/23 0:00,WK21,May,FY25
66318,2026/3/13 20:33,2025/5/24 0:00,WK21,May,FY25
66319,2026/3/13 20:33,2025/5/25 0:00,WK21,May,FY25
66320,2026/3/13 20:33,2025/5/26 0:00,WK22,May,FY25
66321,2026/3/13 20:33,2025/5/27 0:00,WK22,May,FY25
66322,2026/3/13 20:33,2025/5/28 0:00,WK22,May,FY25
66323,2026/3/13 20:33,2025/5/29 0:00,WK22,May,FY25
66324,2026/3/13 20:33,2025/5/30 0:00,WK22,May,FY25
66325,2026/3/13 20:33,2025/5/31 0:00,WK22,May,FY25
66326,2026/3/13 20:33,2025/6/1 0:00,WK22,May,FY25
66327,2026/3/13 20:33,2025/6/2 0:00,WK23,Jun,FY25
66328,2026/3/13 20:33,2025/6/3 0:00,WK23,Jun,FY25
66329,2026/3/13 20:33,2025/6/4 0:00,WK23,Jun,FY25
66330,2026/3/13 20:33,2025/6/5 0:00,WK23,Jun,FY25
66331,2026/3/13 20:33,2025/6/6 0:00,WK23,Jun,FY25
66332,2026/3/13 20:33,2025/6/7 0:00,WK23,Jun,FY25
66333,2026/3/13 20:33,2025/6/8 0:00,WK23,Jun,FY25
66334,2026/3/13 20:33,2025/6/9 0:00,WK24,Jun,FY25
66335,2026/3/13 20:33,2025/6/10 0:00,WK24,Jun,FY25
66336,2026/3/13 20:33,2025/6/11 0:00,WK24,Jun,FY25
66337,2026/3/13 20:33,2025/6/12 0:00,WK24,Jun,FY25
66338,2026/3/13 20:33,2025/6/13 0:00,WK24,Jun,FY25
66339,2026/3/13 20:33,2025/6/14 0:00,WK24,Jun,FY25
66340,2026/3/13 20:33,2025/6/15 0:00,WK24,Jun,FY25
66341,2026/3/13 20:33,2025/6/16 0:00,WK25,Jun,FY25
66342,2026/3/13 20:33,2025/6/17 0:00,WK25,Jun,FY25
66343,2026/3/13 20:33,2025/6/18 0:00,WK25,Jun,FY25
66344,2026/3/13 20:33,2025/6/19 0:00,WK25,Jun,FY25
66345,2026/3/13 20:33,2025/6/20 0:00,WK25,Jun,FY25
66346,2026/3/13 20:33,2025/6/21 0:00,WK25,Jun,FY25
66347,2026/3/13 20:33,2025/6/22 0:00,WK25,Jun,FY25
66348,2026/3/13 20:33,2025/6/23 0:00,WK26,Jun,FY25
66349,2026/3/13 20:33,2025/6/24 0:00,WK26,Jun,FY25
66350,2026/3/13 20:33,2025/6/25 0:00,WK26,Jun,FY25
66351,2026/3/13 20:33,2025/6/26 0:00,WK26,Jun,FY25
66352,2026/3/13 20:33,2025/6/27 0:00,WK26,Jun,FY25
66353,2026/3/13 20:33,2025/6/28 0:00,WK26,Jun,FY25
66354,2026/3/13 20:33,2025/6/29 0:00,WK26,Jun,FY25
66355,2026/3/13 20:33,2025/6/30 0:00,WK27,Jul,FY25
66356,2026/3/13 20:33,2025/7/1 0:00,WK27,Jul,FY25
66357,2026/3/13 20:33,2025/7/2 0:00,WK27,Jul,FY25
66358,2026/3/13 20:33,2025/7/3 0:00,WK27,Jul,FY25
66359,2026/3/13 20:33,2025/7/4 0:00,WK27,Jul,FY25
66360,2026/3/13 20:33,2025/7/5 0:00,WK27,Jul,FY25
66361,2026/3/13 20:33,2025/7/6 0:00,WK27,Jul,FY25
66362,2026/3/13 20:33,2025/7/7 0:00,WK28,Jul,FY25
66363,2026/3/13 20:33,2025/7/8 0:00,WK28,Jul,FY25
66364,2026/3/13 20:33,2025/7/9 0:00,WK28,Jul,FY25
66365,2026/3/13 20:33,2025/7/10 0:00,WK28,Jul,FY25
66366,2026/3/13 20:33,2025/7/11 0:00,WK28,Jul,FY25
66367,2026/3/13 20:33,2025/7/12 0:00,WK28,Jul,FY25
66368,2026/3/13 20:33,2025/7/13 0:00,WK28,Jul,FY25
66369,2026/3/13 20:33,2025/7/14 0:00,WK29,Jul,FY25
66370,2026/3/13 20:33,2025/7/15 0:00,WK29,Jul,FY25
66371,2026/3/13 20:33,2025/7/16 0:00,WK29,Jul,FY25
66372,2026/3/13 20:33,2025/7/17 0:00,WK29,Jul,FY25
66373,2026/3/13 20:33,2025/7/18 0:00,WK29,Jul,FY25
66374,2026/3/13 20:33,2025/7/19 0:00,WK29,Jul,FY25
66375,2026/3/13 20:33,2025/7/20 0:00,WK29,Jul,FY25
66376,2026/3/13 20:33,2025/7/21 0:00,WK30,Jul,FY25
66377,2026/3/13 20:33,2025/7/22 0:00,WK30,Jul,FY25
66378,2026/3/13 20:33,2025/7/23 0:00,WK30,Jul,FY25
66379,2026/3/13 20:33,2025/7/24 0:00,WK30,Jul,FY25
66380,2026/3/13 20:33,2025/7/25 0:00,WK30,Jul,FY25
66381,2026/3/13 20:33,2025/7/26 0:00,WK30,Jul,FY25
66382,2026/3/13 20:33,2025/7/27 0:00,WK30,Jul,FY25
66383,2026/3/13 20:33,2025/7/28 0:00,WK31,Jul,FY25
66384,2026/3/13 20:33,2025/7/29 0:00,WK31,Jul,FY25
66385,2026/3/13 20:33,2025/7/30 0:00,WK31,Jul,FY25
66386,2026/3/13 20:33,2025/7/31 0:00,WK31,Jul,FY25
66387,2026/3/13 20:33,2025/8/1 0:00,WK31,Jul,FY25
66388,2026/3/13 20:33,2025/8/2 0:00,WK31,Jul,FY25
66389,2026/3/13 20:33,2025/8/3 0:00,WK31,Jul,FY25
66390,2026/3/13 20:33,2025/8/4 0:00,WK32,Aug,FY25
66391,2026/3/13 20:33,2025/8/5 0:00,WK32,Aug,FY25
66392,2026/3/13 20:33,2025/8/6 0:00,WK32,Aug,FY25
66393,2026/3/13 20:33,2025/8/7 0:00,WK32,Aug,FY25
66394,2026/3/13 20:33,2025/8/8 0:00,WK32,Aug,FY25
66395,2026/3/13 20:33,2025/8/9 0:00,WK32,Aug,FY25
66396,2026/3/13 20:33,2025/8/10 0:00,WK32,Aug,FY25
66397,2026/3/13 20:33,2025/8/11 0:00,WK33,Aug,FY25
66398,2026/3/13 20:33,2025/8/12 0:00,WK33,Aug,FY25
66399,2026/3/13 20:33,2025/8/13 0:00,WK33,Aug,FY25
66400,2026/3/13 20:33,2025/8/14 0:00,WK33,Aug,FY25
66401,2026/3/13 20:33,2025/8/15 0:00,WK33,Aug,FY25
66402,2026/3/13 20:33,2025/8/16 0:00,WK33,Aug,FY25
66403,2026/3/13 20:33,2025/8/17 0:00,WK33,Aug,FY25
66404,2026/3/13 20:33,2025/8/18 0:00,WK34,Aug,FY25
66405,2026/3/13 20:33,2025/8/19 0:00,WK34,Aug,FY25
66406,2026/3/13 20:33,2025/8/20 0:00,WK34,Aug,FY25
66407,2026/3/13 20:33,2025/8/21 0:00,WK34,Aug,FY25
66408,2026/3/13 20:33,2025/8/22 0:00,WK34,Aug,FY25
66409,2026/3/13 20:33,2025/8/23 0:00,WK34,Aug,FY25
66410,2026/3/13 20:33,2025/8/24 0:00,WK34,Aug,FY25
66411,2026/3/13 20:33,2025/8/25 0:00,WK35,Aug,FY25
66412,2026/3/13 20:33,2025/8/26 0:00,WK35,Aug,FY25
66413,2026/3/13 20:33,2025/8/27 0:00,WK35,Aug,FY25
66414,2026/3/13 20:33,2025/8/28 0:00,WK35,Aug,FY25
66415,2026/3/13 20:33,2025/8/29 0:00,WK35,Aug,FY25
66416,2026/3/13 20:33,2025/8/30 0:00,WK35,Aug,FY25
66417,2026/3/13 20:33,2025/8/31 0:00,WK35,Aug,FY25
66418,2026/3/13 20:33,2025/9/1 0:00,WK36,Sep,FY25
66419,2026/3/13 20:33,2025/9/2 0:00,WK36,Sep,FY25
66420,2026/3/13 20:33,2025/9/3 0:00,WK36,Sep,FY25
66421,2026/3/13 20:33,2025/9/4 0:00,WK36,Sep,FY25
66422,2026/3/13 20:33,2025/9/5 0:00,WK36,Sep,FY25
66423,2026/3/13 20:33,2025/9/6 0:00,WK36,Sep,FY25
66424,2026/3/13 20:33,2025/9/7 0:00,WK36,Sep,FY25
66425,2026/3/13 20:33,2025/9/8 0:00,WK37,Sep,FY25
66426,2026/3/13 20:33,2025/9/9 0:00,WK37,Sep,FY25
66427,2026/3/13 20:33,2025/9/10 0:00,WK37,Sep,FY25
66428,2026/3/13 20:33,2025/9/11 0:00,WK37,Sep,FY25
66429,2026/3/13 20:33,2025/9/12 0:00,WK37,Sep,FY25
66430,2026/3/13 20:33,2025/9/13 0:00,WK37,Sep,FY25
66431,2026/3/13 20:33,2025/9/14 0:00,WK37,Sep,FY25
66432,2026/3/13 20:33,2025/9/15 0:00,WK38,Sep,FY25
66433,2026/3/13 20:33,2025/9/16 0:00,WK38,Sep,FY25
66434,2026/3/13 20:33,2025/9/17 0:00,WK38,Sep,FY25
66435,2026/3/13 20:33,2025/9/18 0:00,WK38,Sep,FY25
66436,2026/3/13 20:33,2025/9/19 0:00,WK38,Sep,FY25
66437,2026/3/13 20:33,2025/9/20 0:00,WK38,Sep,FY25
66438,2026/3/13 20:33,2025/9/21 0:00,WK38,Sep,FY25
66439,2026/3/13 20:33,2025/9/22 0:00,WK39,Sep,FY25
66440,2026/3/13 20:33,2025/9/23 0:00,WK39,Sep,FY25
66441,2026/3/13 20:33,2025/9/24 0:00,WK39,Sep,FY25
66442,2026/3/13 20:33,2025/9/25 0:00,WK39,Sep,FY25
66443,2026/3/13 20:33,2025/9/26 0:00,WK39,Sep,FY25
66444,2026/3/13 20:33,2025/9/27 0:00,WK39,Sep,FY25
66445,2026/3/13 20:33,2025/9/28 0:00,WK39,Sep,FY25
66446,2026/3/13 20:33,2025/9/29 0:00,WK40,Oct,FY25
66447,2026/3/13 20:33,2025/9/30 0:00,WK40,Oct,FY25
66448,2026/3/13 20:33,2025/10/1 0:00,WK40,Oct,FY25
66449,2026/3/13 20:33,2025/10/2 0:00,WK40,Oct,FY25
66450,2026/3/13 20:33,2025/10/3 0:00,WK40,Oct,FY25
66451,2026/3/13 20:33,2025/10/4 0:00,WK40,Oct,FY25
66452,2026/3/13 20:33,2025/10/5 0:00,WK40,Oct,FY25
66453,2026/3/13 20:33,2025/10/6 0:00,WK41,Oct,FY25
66454,2026/3/13 20:33,2025/10/7 0:00,WK41,Oct,FY25
66455,2026/3/13 20:33,2025/10/8 0:00,WK41,Oct,FY25
66456,2026/3/13 20:33,2025/10/9 0:00,WK41,Oct,FY25
66457,2026/3/13 20:33,2025/10/10 0:00,WK41,Oct,FY25
66458,2026/3/13 20:33,2025/10/11 0:00,WK41,Oct,FY25
66459,2026/3/13 20:33,2025/10/12 0:00,WK41,Oct,FY25
66460,2026/3/13 20:33,2025/10/13 0:00,WK42,Oct,FY25
66461,2026/3/13 20:33,2025/10/14 0:00,WK42,Oct,FY25
66462,2026/3/13 20:33,2025/10/15 0:00,WK42,Oct,FY25
66463,2026/3/13 20:33,2025/10/16 0:00,WK42,Oct,FY25
66464,2026/3/13 20:33,2025/10/17 0:00,WK42,Oct,FY25
66465,2026/3/13 20:33,2025/10/18 0:00,WK42,Oct,FY25
66466,2026/3/13 20:33,2025/10/19 0:00,WK42,Oct,FY25
66467,2026/3/13 20:33,2025/10/20 0:00,WK43,Oct,FY25
66468,2026/3/13 20:33,2025/10/21 0:00,WK43,Oct,FY25
66469,2026/3/13 20:33,2025/10/22 0:00,WK43,Oct,FY25
66470,2026/3/13 20:33,2025/10/23 0:00,WK43,Oct,FY25
66471,2026/3/13 20:33,2025/10/24 0:00,WK43,Oct,FY25
66472,2026/3/13 20:33,2025/10/25 0:00,WK43,Oct,FY25
66473,2026/3/13 20:33,2025/10/26 0:00,WK43,Oct,FY25
66474,2026/3/13 20:33,2025/10/27 0:00,WK44,Oct,FY25
66475,2026/3/13 20:33,2025/10/28 0:00,WK44,Oct,FY25
66476,2026/3/13 20:33,2025/10/29 0:00,WK44,Oct,FY25
66477,2026/3/13 20:33,2025/10/30 0:00,WK44,Oct,FY25
66478,2026/3/13 20:33,2025/10/31 0:00,WK44,Oct,FY25
66479,2026/3/13 20:33,2025/11/1 0:00,WK44,Oct,FY25
66480,2026/3/13 20:33,2025/11/2 0:00,WK44,Oct,FY25
66481,2026/3/13 20:33,2025/11/3 0:00,WK45,Nov,FY25
66482,2026/3/13 20:33,2025/11/4 0:00,WK45,Nov,FY25
66483,2026/3/13 20:33,2025/11/5 0:00,WK45,Nov,FY25
66484,2026/3/13 20:33,2025/11/6 0:00,WK45,Nov,FY25
66485,2026/3/13 20:33,2025/11/7 0:00,WK45,Nov,FY25
66486,2026/3/13 20:33,2025/11/8 0:00,WK45,Nov,FY25
66487,2026/3/13 20:33,2025/11/9 0:00,WK45,Nov,FY25
66488,2026/3/13 20:33,2025/11/10 0:00,WK46,Nov,FY25
66489,2026/3/13 20:33,2025/11/11 0:00,WK46,Nov,FY25
66490,2026/3/13 20:33,2025/11/12 0:00,WK46,Nov,FY25
66491,2026/3/13 20:33,2025/11/13 0:00,WK46,Nov,FY25
66492,2026/3/13 20:33,2025/11/14 0:00,WK46,Nov,FY25
66493,2026/3/13 20:33,2025/11/15 0:00,WK46,Nov,FY25
66494,2026/3/13 20:33,2025/11/16 0:00,WK46,Nov,FY25
66495,2026/3/13 20:33,2025/11/17 0:00,WK47,Nov,FY25
66496,2026/3/13 20:33,2025/11/18 0:00,WK47,Nov,FY25
66497,2026/3/13 20:33,2025/11/19 0:00,WK47,Nov,FY25
66498,2026/3/13 20:33,2025/11/20 0:00,WK47,Nov,FY25
66499,2026/3/13 20:33,2025/11/21 0:00,WK47,Nov,FY25
66500,2026/3/13 20:33,2025/11/22 0:00,WK47,Nov,FY25
66501,2026/3/13 20:33,2025/11/23 0:00,WK47,Nov,FY25
66502,2026/3/13 20:33,2025/11/24 0:00,WK48,Nov,FY25
66503,2026/3/13 20:33,2025/11/25 0:00,WK48,Nov,FY25
66504,2026/3/13 20:33,2025/11/26 0:00,WK48,Nov,FY25
66505,2026/3/13 20:33,2025/11/27 0:00,WK48,Nov,FY25
66506,2026/3/13 20:33,2025/11/28 0:00,WK48,Nov,FY25
66507,2026/3/13 20:33,2025/11/29 0:00,WK48,Nov,FY25
66508,2026/3/13 20:33,2025/11/30 0:00,WK48,Nov,FY25
66509,2026/3/13 20:33,2025/12/1 0:00,WK49,Dec,FY25
66510,2026/3/13 20:33,2025/12/2 0:00,WK49,Dec,FY25
66511,2026/3/13 20:33,2025/12/3 0:00,WK49,Dec,FY25
66512,2026/3/13 20:33,2025/12/4 0:00,WK49,Dec,FY25
66513,2026/3/13 20:33,2025/12/5 0:00,WK49,Dec,FY25
66514,2026/3/13 20:33,2025/12/6 0:00,WK49,Dec,FY25
66515,2026/3/13 20:33,2025/12/7 0:00,WK49,Dec,FY25
66516,2026/3/13 20:33,2025/12/8 0:00,WK50,Dec,FY25
66517,2026/3/13 20:33,2025/12/9 0:00,WK50,Dec,FY25
66518,2026/3/13 20:33,2025/12/10 0:00,WK50,Dec,FY25
66519,2026/3/13 20:33,2025/12/11 0:00,WK50,Dec,FY25
66520,2026/3/13 20:33,2025/12/12 0:00,WK50,Dec,FY25
66521,2026/3/13 20:33,2025/12/13 0:00,WK50,Dec,FY25
66522,2026/3/13 20:33,2025/12/14 0:00,WK50,Dec,FY25
66523,2026/3/13 20:33,2025/12/15 0:00,WK51,Dec,FY25
66524,2026/3/13 20:33,2025/12/16 0:00,WK51,Dec,FY25
66525,2026/3/13 20:33,2025/12/17 0:00,WK51,Dec,FY25
66526,2026/3/13 20:33,2025/12/18 0:00,WK51,Dec,FY25
66527,2026/3/13 20:33,2025/12/19 0:00,WK51,Dec,FY25
66528,2026/3/13 20:33,2025/12/20 0:00,WK51,Dec,FY25
66529,2026/3/13 20:33,2025/12/21 0:00,WK51,Dec,FY25
66530,2026/3/13 20:33,2025/12/22 0:00,WK52,Dec,FY25
66531,2026/3/13 20:33,2025/12/23 0:00,WK52,Dec,FY25
66532,2026/3/13 20:33,2025/12/24 0:00,WK52,Dec,FY25
66533,2026/3/13 20:33,2025/12/25 0:00,WK52,Dec,FY25
66534,2026/3/13 20:33,2025/12/26 0:00,WK52,Dec,FY25
66535,2026/3/13 20:33,2025/12/27 0:00,WK52,Dec,FY25
66536,2026/3/13 20:33,2025/12/28 0:00,WK52,Dec,FY25
66537,2026/3/13 20:33,2025/12/29 0:00,WK1,Jan,FY25
66538,2026/3/13 20:33,2025/12/30 0:00,WK1,Jan,FY25
66539,2026/3/13 20:33,2025/12/31 0:00,WK1,Jan,FY25
66540,2026/3/13 20:33,2026/1/1 0:00,WK1,Jan,FY25
66541,2026/3/13 20:33,2026/1/2 0:00,WK1,Jan,FY25
66542,2026/3/13 20:33,2026/1/3 0:00,WK1,Jan,FY25
66543,2026/3/13 20:33,2026/1/4 0:00,WK1,Jan,FY25
66544,2026/3/13 20:33,2026/1/5 0:00,WK2,Jan,FY25
66545,2026/3/13 20:33,2026/1/6 0:00,WK2,Jan,FY25
66546,2026/3/13 20:33,2026/1/7 0:00,WK2,Jan,FY25
66547,2026/3/13 20:33,2026/1/8 0:00,WK2,Jan,FY25
66548,2026/3/13 20:33,2026/1/9 0:00,WK2,Jan,FY25
66549,2026/3/13 20:33,2026/1/10 0:00,WK2,Jan,FY25
66550,2026/3/13 20:33,2026/1/11 0:00,WK2,Jan,FY25
66551,2026/3/13 20:33,2026/1/12 0:00,WK3,Jan,FY25
66552,2026/3/13 20:33,2026/1/13 0:00,WK3,Jan,FY25
66553,2026/3/13 20:33,2026/1/14 0:00,WK3,Jan,FY25
66554,2026/3/13 20:33,2026/1/15 0:00,WK3,Jan,FY25
66555,2026/3/13 20:33,2026/1/16 0:00,WK3,Jan,FY25
66556,2026/3/13 20:33,2026/1/17 0:00,WK3,Jan,FY25
66557,2026/3/13 20:33,2026/1/18 0:00,WK3,Jan,FY25
66558,2026/3/13 20:33,2026/1/19 0:00,WK4,Jan,FY25
66559,2026/3/13 20:33,2026/1/20 0:00,WK4,Jan,FY25
66560,2026/3/13 20:33,2026/1/21 0:00,WK4,Jan,FY25
66561,2026/3/13 20:33,2026/1/22 0:00,WK4,Jan,FY25
66562,2026/3/13 20:33,2026/1/23 0:00,WK4,Jan,FY25
66563,2026/3/13 20:33,2026/1/24 0:00,WK4,Jan,FY25
66564,2026/3/13 20:33,2026/1/25 0:00,WK4,Jan,FY25
66565,2026/3/13 20:33,2026/1/26 0:00,WK5,Jan,FY25
66566,2026/3/13 20:33,2026/1/27 0:00,WK5,Jan,FY25
66567,2026/3/13 20:33,2026/1/28 0:00,WK5,Jan,FY25
66568,2026/3/13 20:33,2026/1/29 0:00,WK5,Jan,FY25
66569,2026/3/13 20:33,2026/1/30 0:00,WK5,Jan,FY25
66570,2026/3/13 20:33,2026/1/31 0:00,WK5,Jan,FY25
66571,2026/3/13 20:33,2026/2/1 0:00,WK5,Jan,FY25
66572,2026/3/13 20:33,2026/2/2 0:00,WK6,Feb,FY25
66573,2026/3/13 20:33,2026/2/3 0:00,WK6,Feb,FY25
66574,2026/3/13 20:33,2026/2/4 0:00,WK6,Feb,FY25
66575,2026/3/13 20:33,2026/2/5 0:00,WK6,Feb,FY25
66576,2026/3/13 20:33,2026/2/6 0:00,WK6,Feb,FY25
66577,2026/3/13 20:33,2026/2/7 0:00,WK6,Feb,FY25
66578,2026/3/13 20:33,2026/2/8 0:00,WK6,Feb,FY25
66579,2026/3/13 20:33,2026/2/9 0:00,WK7,Feb,FY25
66580,2026/3/13 20:33,2026/2/10 0:00,WK7,Feb,FY25
66581,2026/3/13 20:33,2026/2/11 0:00,WK7,Feb,FY25
66582,2026/3/13 20:33,2026/2/12 0:00,WK7,Feb,FY25
66583,2026/3/13 20:33,2026/2/13 0:00,WK7,Feb,FY25
66584,2026/3/13 20:33,2026/2/14 0:00,WK7,Feb,FY25
66585,2026/3/13 20:33,2026/2/15 0:00,WK7,Feb,FY25
66586,2026/3/13 20:33,2026/2/16 0:00,WK8,Feb,FY25
66587,2026/3/13 20:33,2026/2/17 0:00,WK8,Feb,FY25
66588,2026/3/13 20:33,2026/2/18 0:00,WK8,Feb,FY25
66589,2026/3/13 20:33,2026/2/19 0:00,WK8,Feb,FY25
66590,2026/3/13 20:33,2026/2/20 0:00,WK8,Feb,FY25
66591,2026/3/13 20:33,2026/2/21 0:00,WK8,Feb,FY25
66592,2026/3/13 20:33,2026/2/22 0:00,WK8,Feb,FY25
66593,2026/3/13 20:33,2026/2/23 0:00,WK9,Feb,FY25
66594,2026/3/13 20:33,2026/2/24 0:00,WK9,Feb,FY25
66595,2026/3/13 20:33,2026/2/25 0:00,WK9,Feb,FY25
66596,2026/3/13 20:33,2026/2/26 0:00,WK9,Feb,FY25
66597,2026/3/13 20:33,2026/2/27 0:00,WK9,Feb,FY25
66598,2026/3/13 20:33,2026/2/28 0:00,WK9,Feb,FY25
66599,2026/3/13 20:33,2026/3/1 0:00,WK9,Feb,FY25
66600,2026/3/13 20:33,2026/3/2 0:00,WK10,Mar,FY25
66601,2026/3/13 20:33,2026/3/3 0:00,WK10,Mar,FY25
66602,2026/3/13 20:33,2026/3/4 0:00,WK10,Mar,FY25
66603,2026/3/13 20:33,2026/3/5 0:00,WK10,Mar,FY25
66604,2026/3/13 20:33,2026/3/6 0:00,WK10,Mar,FY25
66605,2026/3/13 20:33,2026/3/7 0:00,WK10,Mar,FY25
66606,2026/3/13 20:33,2026/3/8 0:00,WK10,Mar,FY25
66607,2026/3/13 20:33,2026/3/9 0:00,WK11,Mar,FY25
66608,2026/3/13 20:33,2026/3/10 0:00,WK11,Mar,FY25
66609,2026/3/13 20:33,2026/3/11 0:00,WK11,Mar,FY25
66610,2026/3/13 20:33,2026/3/12 0:00,WK11,Mar,FY25
66611,2026/3/13 20:33,2026/3/13 0:00,WK11,Mar,FY25
66612,2026/3/13 20:33,2026/3/14 0:00,WK11,Mar,FY25
66613,2026/3/13 20:33,2026/3/15 0:00,WK11,Mar,FY25
66614,2026/3/13 20:33,2026/3/16 0:00,WK12,Mar,FY25
66615,2026/3/13 20:33,2026/3/17 0:00,WK12,Mar,FY25
66616,2026/3/13 20:33,2026/3/18 0:00,WK12,Mar,FY25
66617,2026/3/13 20:33,2026/3/19 0:00,WK12,Mar,FY25
66618,2026/3/13 20:33,2026/3/20 0:00,WK12,Mar,FY25
66619,2026/3/13 20:33,2026/3/21 0:00,WK12,Mar,FY25
66620,2026/3/13 20:33,2026/3/22 0:00,WK12,Mar,FY25
66621,2026/3/13 20:33,2026/3/23 0:00,WK13,Mar,FY25
66622,2026/3/13 20:33,2026/3/24 0:00,WK13,Mar,FY25
66623,2026/3/13 20:33,2026/3/25 0:00,WK13,Mar,FY25
66624,2026/3/13 20:33,2026/3/26 0:00,WK13,Mar,FY25
66625,2026/3/13 20:33,2026/3/27 0:00,WK13,Mar,FY25
66626,2026/3/13 20:33,2026/3/28 0:00,WK13,Mar,FY25
66627,2026/3/13 20:33,2026/3/29 0:00,WK13,Mar,FY25
66628,2026/3/13 20:33,2026/3/30 0:00,WK14,Apr,FY26
66629,2026/3/13 20:33,2026/3/31 0:00,WK14,Apr,FY26
66630,2026/3/13 20:33,2026/4/1 0:00,WK14,Apr,FY26
66631,2026/3/13 20:33,2026/4/2 0:00,WK14,Apr,FY26
66632,2026/3/13 20:33,2026/4/3 0:00,WK14,Apr,FY26
66633,2026/3/13 20:33,2026/4/4 0:00,WK14,Apr,FY26
66634,2026/3/13 20:33,2026/4/5 0:00,WK14,Apr,FY26
66635,2026/3/13 20:33,2026/4/6 0:00,WK15,Apr,FY26
66636,2026/3/13 20:33,2026/4/7 0:00,WK15,Apr,FY26
66637,2026/3/13 20:33,2026/4/8 0:00,WK15,Apr,FY26
66638,2026/3/13 20:33,2026/4/9 0:00,WK15,Apr,FY26
66639,2026/3/13 20:33,2026/4/10 0:00,WK15,Apr,FY26
66640,2026/3/13 20:33,2026/4/11 0:00,WK15,Apr,FY26
66641,2026/3/13 20:33,2026/4/12 0:00,WK15,Apr,FY26
66642,2026/3/13 20:33,2026/4/13 0:00,WK16,Apr,FY26
66643,2026/3/13 20:33,2026/4/14 0:00,WK16,Apr,FY26
66644,2026/3/13 20:33,2026/4/15 0:00,WK16,Apr,FY26
66645,2026/3/13 20:33,2026/4/16 0:00,WK16,Apr,FY26
66646,2026/3/13 20:33,2026/4/17 0:00,WK16,Apr,FY26
66647,2026/3/13 20:33,2026/4/18 0:00,WK16,Apr,FY26
66648,2026/3/13 20:33,2026/4/19 0:00,WK16,Apr,FY26
66649,2026/3/13 20:33,2026/4/20 0:00,WK17,Apr,FY26
66650,2026/3/13 20:33,2026/4/21 0:00,WK17,Apr,FY26
66651,2026/3/13 20:33,2026/4/22 0:00,WK17,Apr,FY26
66652,2026/3/13 20:33,2026/4/23 0:00,WK17,Apr,FY26
66653,2026/3/13 20:33,2026/4/24 0:00,WK17,Apr,FY26
66654,2026/3/13 20:33,2026/4/25 0:00,WK17,Apr,FY26
66655,2026/3/13 20:33,2026/4/26 0:00,WK17,Apr,FY26
66656,2026/3/13 20:33,2026/4/27 0:00,WK18,Apr,FY26
66657,2026/3/13 20:33,2026/4/28 0:00,WK18,Apr,FY26
66658,2026/3/13 20:33,2026/4/29 0:00,WK18,Apr,FY26
66659,2026/3/13 20:33,2026/4/30 0:00,WK18,Apr,FY26
66660,2026/3/13 20:33,2026/5/1 0:00,WK18,Apr,FY26
66661,2026/3/13 20:33,2026/5/2 0:00,WK18,Apr,FY26
66662,2026/3/13 20:33,2026/5/3 0:00,WK18,Apr,FY26
66663,2026/3/13 20:33,2026/5/4 0:00,WK19,May,FY26
66664,2026/3/13 20:33,2026/5/5 0:00,WK19,May,FY26
66665,2026/3/13 20:33,2026/5/6 0:00,WK19,May,FY26
66666,2026/3/13 20:33,2026/5/7 0:00,WK19,May,FY26
66667,2026/3/13 20:33,2026/5/8 0:00,WK19,May,FY26
66668,2026/3/13 20:33,2026/5/9 0:00,WK19,May,FY26
66669,2026/3/13 20:33,2026/5/10 0:00,WK19,May,FY26
66670,2026/3/13 20:33,2026/5/11 0:00,WK20,May,FY26
66671,2026/3/13 20:33,2026/5/12 0:00,WK20,May,FY26
66672,2026/3/13 20:33,2026/5/13 0:00,WK20,May,FY26
66673,2026/3/13 20:33,2026/5/14 0:00,WK20,May,FY26
66674,2026/3/13 20:33,2026/5/15 0:00,WK20,May,FY26
66686,2026/3/13 20:33,2026/5/16 0:00,WK20,May,FY26
66687,2026/3/13 20:33,2026/5/17 0:00,WK20,May,FY26
66688,2026/3/13 20:33,2026/5/18 0:00,WK21,May,FY26
66689,2026/3/13 20:33,2026/5/19 0:00,WK21,May,FY26
66690,2026/3/13 20:33,2026/5/20 0:00,WK21,May,FY26
66691,2026/3/13 20:33,2026/5/21 0:00,WK21,May,FY26
66692,2026/3/13 20:33,2026/5/22 0:00,WK21,May,FY26
66693,2026/3/13 20:33,2026/5/23 0:00,WK21,May,FY26
66694,2026/3/13 20:33,2026/5/24 0:00,WK21,May,FY26
66695,2026/3/13 20:33,2026/5/25 0:00,WK22,May,FY26
66696,2026/3/13 20:33,2026/5/26 0:00,WK22,May,FY26
66697,2026/3/13 20:33,2026/5/27 0:00,WK22,May,FY26
66698,2026/3/13 20:33,2026/5/28 0:00,WK22,May,FY26
66699,2026/3/13 20:33,2026/5/29 0:00,WK22,May,FY26
66700,2026/3/13 20:33,2026/5/30 0:00,WK22,May,FY26
66701,2026/3/13 20:33,2026/5/31 0:00,WK22,May,FY26
66702,2026/3/13 20:33,2026/6/1 0:00,WK23,Jun,FY26
66703,2026/3/13 20:33,2026/6/2 0:00,WK23,Jun,FY26
66704,2026/3/13 20:33,2026/6/3 0:00,WK23,Jun,FY26
66705,2026/3/13 20:33,2026/6/4 0:00,WK23,Jun,FY26
66706,2026/3/13 20:33,2026/6/5 0:00,WK23,Jun,FY26
66707,2026/3/13 20:33,2026/6/6 0:00,WK23,Jun,FY26
66708,2026/3/13 20:33,2026/6/7 0:00,WK23,Jun,FY26
66709,2026/3/13 20:33,2026/6/8 0:00,WK24,Jun,FY26
66710,2026/3/13 20:33,2026/6/9 0:00,WK24,Jun,FY26
66711,2026/3/13 20:33,2026/6/10 0:00,WK24,Jun,FY26
66712,2026/3/13 20:33,2026/6/11 0:00,WK24,Jun,FY26
66713,2026/3/13 20:33,2026/6/12 0:00,WK24,Jun,FY26
66714,2026/3/13 20:33,2026/6/13 0:00,WK24,Jun,FY26
66715,2026/3/13 20:33,2026/6/14 0:00,WK24,Jun,FY26
66716,2026/3/13 20:33,2026/6/15 0:00,WK25,Jun,FY26
66717,2026/3/13 20:33,2026/6/16 0:00,WK25,Jun,FY26
66718,2026/3/13 20:33,2026/6/17 0:00,WK25,Jun,FY26
66719,2026/3/13 20:33,2026/6/18 0:00,WK25,Jun,FY26
66720,2026/3/13 20:33,2026/6/19 0:00,WK25,Jun,FY26
66721,2026/3/13 20:33,2026/6/20 0:00,WK25,Jun,FY26
66722,2026/3/13 20:33,2026/6/21 0:00,WK25,Jun,FY26
66723,2026/3/13 20:33,2026/6/22 0:00,WK26,Jun,FY26
66724,2026/3/13 20:33,2026/6/23 0:00,WK26,Jun,FY26
66725,2026/3/13 20:33,2026/6/24 0:00,WK26,Jun,FY26
66726,2026/3/13 20:33,2026/6/25 0:00,WK26,Jun,FY26
66727,2026/3/13 20:33,2026/6/26 0:00,WK26,Jun,FY26
66728,2026/3/13 20:33,2026/6/27 0:00,WK26,Jun,FY26
66729,2026/3/13 20:33,2026/6/28 0:00,WK26,Jun,FY26
66730,2026/3/13 20:33,2026/6/29 0:00,WK27,Jul,FY26
66731,2026/3/13 20:33,2026/6/30 0:00,WK27,Jul,FY26
66732,2026/3/13 20:33,2026/7/1 0:00,WK27,Jul,FY26
66733,2026/3/13 20:33,2026/7/2 0:00,WK27,Jul,FY26
66734,2026/3/13 20:33,2026/7/3 0:00,WK27,Jul,FY26
66735,2026/3/13 20:33,2026/7/4 0:00,WK27,Jul,FY26
66736,2026/3/13 20:33,2026/7/5 0:00,WK27,Jul,FY26
66737,2026/3/13 20:33,2026/7/6 0:00,WK28,Jul,FY26
66738,2026/3/13 20:33,2026/7/7 0:00,WK28,Jul,FY26
66739,2026/3/13 20:33,2026/7/8 0:00,WK28,Jul,FY26
66740,2026/3/13 20:33,2026/7/9 0:00,WK28,Jul,FY26
66741,2026/3/13 20:33,2026/7/10 0:00,WK28,Jul,FY26
66742,2026/3/13 20:33,2026/7/11 0:00,WK28,Jul,FY26
66743,2026/3/13 20:33,2026/7/12 0:00,WK28,Jul,FY26
66744,2026/3/13 20:33,2026/7/13 0:00,WK29,Jul,FY26
66745,2026/3/13 20:33,2026/7/14 0:00,WK29,Jul,FY26
66746,2026/3/13 20:33,2026/7/15 0:00,WK29,Jul,FY26
66747,2026/3/13 20:33,2026/7/16 0:00,WK29,Jul,FY26
66748,2026/3/13 20:33,2026/7/17 0:00,WK29,Jul,FY26
66749,2026/3/13 20:33,2026/7/18 0:00,WK29,Jul,FY26
66750,2026/3/13 20:33,2026/7/19 0:00,WK29,Jul,FY26
66751,2026/3/13 20:33,2026/7/20 0:00,WK30,Jul,FY26
66752,2026/3/13 20:33,2026/7/21 0:00,WK30,Jul,FY26
66753,2026/3/13 20:33,2026/7/22 0:00,WK30,Jul,FY26
66754,2026/3/13 20:33,2026/7/23 0:00,WK30,Jul,FY26
66755,2026/3/13 20:33,2026/7/24 0:00,WK30,Jul,FY26
66756,2026/3/13 20:33,2026/7/25 0:00,WK30,Jul,FY26
66757,2026/3/13 20:33,2026/7/26 0:00,WK30,Jul,FY26
66758,2026/3/13 20:33,2026/7/27 0:00,WK31,Jul,FY26
66759,2026/3/13 20:33,2026/7/28 0:00,WK31,Jul,FY26
66760,2026/3/13 20:33,2026/7/29 0:00,WK31,Jul,FY26
66761,2026/3/13 20:33,2026/7/30 0:00,WK31,Jul,FY26
66762,2026/3/13 20:33,2026/7/31 0:00,WK31,Jul,FY26
66763,2026/3/13 20:33,2026/8/1 0:00,WK31,Jul,FY26
66764,2026/3/13 20:33,2026/8/2 0:00,WK31,Jul,FY26
66765,2026/3/13 20:33,2026/8/3 0:00,WK32,Aug,FY26
66766,2026/3/13 20:33,2026/8/4 0:00,WK32,Aug,FY26
66767,2026/3/13 20:33,2026/8/5 0:00,WK32,Aug,FY26
66768,2026/3/13 20:33,2026/8/6 0:00,WK32,Aug,FY26
66769,2026/3/13 20:33,2026/8/7 0:00,WK32,Aug,FY26
66770,2026/3/13 20:33,2026/8/8 0:00,WK32,Aug,FY26
66771,2026/3/13 20:33,2026/8/9 0:00,WK32,Aug,FY26
66772,2026/3/13 20:33,2026/8/10 0:00,WK33,Aug,FY26
66773,2026/3/13 20:33,2026/8/11 0:00,WK33,Aug,FY26
66774,2026/3/13 20:33,2026/8/12 0:00,WK33,Aug,FY26
66775,2026/3/13 20:33,2026/8/13 0:00,WK33,Aug,FY26
66776,2026/3/13 20:33,2026/8/14 0:00,WK33,Aug,FY26
66777,2026/3/13 20:33,2026/8/15 0:00,WK33,Aug,FY26
66778,2026/3/13 20:33,2026/8/16 0:00,WK33,Aug,FY26
66779,2026/3/13 20:33,2026/8/17 0:00,WK34,Aug,FY26
66780,2026/3/13 20:33,2026/8/18 0:00,WK34,Aug,FY26
66781,2026/3/13 20:33,2026/8/19 0:00,WK34,Aug,FY26
66782,2026/3/13 20:33,2026/8/20 0:00,WK34,Aug,FY26
66783,2026/3/13 20:33,2026/8/21 0:00,WK34,Aug,FY26
66784,2026/3/13 20:33,2026/8/22 0:00,WK34,Aug,FY26
66785,2026/3/13 20:33,2026/8/23 0:00,WK34,Aug,FY26
66786,2026/3/13 20:33,2026/8/24 0:00,WK35,Aug,FY26
66787,2026/3/13 20:33,2026/8/25 0:00,WK35,Aug,FY26
66788,2026/3/13 20:33,2026/8/26 0:00,WK35,Aug,FY26
66789,2026/3/13 20:33,2026/8/27 0:00,WK35,Aug,FY26
66790,2026/3/13 20:33,2026/8/28 0:00,WK35,Aug,FY26
66791,2026/3/13 20:33,2026/8/29 0:00,WK35,Aug,FY26
66792,2026/3/13 20:33,2026/8/30 0:00,WK35,Aug,FY26
66793,2026/3/13 20:33,2026/8/31 0:00,WK36,Sep,FY26
66794,2026/3/13 20:33,2026/9/1 0:00,WK36,Sep,FY26
66795,2026/3/13 20:33,2026/9/2 0:00,WK36,Sep,FY26
66796,2026/3/13 20:33,2026/9/3 0:00,WK36,Sep,FY26
66797,2026/3/13 20:33,2026/9/4 0:00,WK36,Sep,FY26
66798,2026/3/13 20:33,2026/9/5 0:00,WK36,Sep,FY26
66799,2026/3/13 20:33,2026/9/6 0:00,WK36,Sep,FY26
66800,2026/3/13 20:33,2026/9/7 0:00,WK37,Sep,FY26
66801,2026/3/13 20:33,2026/9/8 0:00,WK37,Sep,FY26
66802,2026/3/13 20:33,2026/9/9 0:00,WK37,Sep,FY26
66803,2026/3/13 20:33,2026/9/10 0:00,WK37,Sep,FY26
66804,2026/3/13 20:33,2026/9/11 0:00,WK37,Sep,FY26
66805,2026/3/13 20:33,2026/9/12 0:00,WK37,Sep,FY26
66806,2026/3/13 20:33,2026/9/13 0:00,WK37,Sep,FY26
66807,2026/3/13 20:33,2026/9/14 0:00,WK38,Sep,FY26
66808,2026/3/13 20:33,2026/9/15 0:00,WK38,Sep,FY26
66809,2026/3/13 20:33,2026/9/16 0:00,WK38,Sep,FY26
66810,2026/3/13 20:33,2026/9/17 0:00,WK38,Sep,FY26
66811,2026/3/13 20:33,2026/9/18 0:00,WK38,Sep,FY26
66812,2026/3/13 20:33,2026/9/19 0:00,WK38,Sep,FY26
66813,2026/3/13 20:33,2026/9/20 0:00,WK38,Sep,FY26
66814,2026/3/13 20:33,2026/9/21 0:00,WK39,Sep,FY26
66815,2026/3/13 20:33,2026/9/22 0:00,WK39,Sep,FY26
66816,2026/3/13 20:33,2026/9/23 0:00,WK39,Sep,FY26
66817,2026/3/13 20:33,2026/9/24 0:00,WK39,Sep,FY26
66818,2026/3/13 20:33,2026/9/25 0:00,WK39,Sep,FY26
66819,2026/3/13 20:33,2026/9/26 0:00,WK39,Sep,FY26
66820,2026/3/13 20:33,2026/9/27 0:00,WK39,Sep,FY26
66821,2026/3/13 20:33,2026/9/28 0:00,WK40,Oct,FY26
66822,2026/3/13 20:33,2026/9/29 0:00,WK40,Oct,FY26
66823,2026/3/13 20:33,2026/9/30 0:00,WK40,Oct,FY26
66824,2026/3/13 20:33,2026/10/1 0:00,WK40,Oct,FY26
66825,2026/3/13 20:33,2026/10/2 0:00,WK40,Oct,FY26
66826,2026/3/13 20:33,2026/10/3 0:00,WK40,Oct,FY26
66827,2026/3/13 20:33,2026/10/4 0:00,WK40,Oct,FY26
66828,2026/3/13 20:33,2026/10/5 0:00,WK41,Oct,FY26
66829,2026/3/13 20:33,2026/10/6 0:00,WK41,Oct,FY26
66830,2026/3/13 20:33,2026/10/7 0:00,WK41,Oct,FY26
66831,2026/3/13 20:33,2026/10/8 0:00,WK41,Oct,FY26
66832,2026/3/13 20:33,2026/10/9 0:00,WK41,Oct,FY26
66833,2026/3/13 20:33,2026/10/10 0:00,WK41,Oct,FY26
66834,2026/3/13 20:33,2026/10/11 0:00,WK41,Oct,FY26
66835,2026/3/13 20:33,2026/10/12 0:00,WK42,Oct,FY26
66836,2026/3/13 20:33,2026/10/13 0:00,WK42,Oct,FY26
66837,2026/3/13 20:33,2026/10/14 0:00,WK42,Oct,FY26
66838,2026/3/13 20:33,2026/10/15 0:00,WK42,Oct,FY26
66839,2026/3/13 20:33,2026/10/16 0:00,WK42,Oct,FY26
66840,2026/3/13 20:33,2026/10/17 0:00,WK42,Oct,FY26
66841,2026/3/13 20:33,2026/10/18 0:00,WK42,Oct,FY26
66842,2026/3/13 20:33,2026/10/19 0:00,WK43,Oct,FY26
66843,2026/3/13 20:33,2026/10/20 0:00,WK43,Oct,FY26
66844,2026/3/13 20:33,2026/10/21 0:00,WK43,Oct,FY26
66845,2026/3/13 20:33,2026/10/22 0:00,WK43,Oct,FY26
66846,2026/3/13 20:33,2026/10/23 0:00,WK43,Oct,FY26
66847,2026/3/13 20:33,2026/10/24 0:00,WK43,Oct,FY26
66848,2026/3/13 20:33,2026/10/25 0:00,WK43,Oct,FY26
66849,2026/3/13 20:33,2026/10/26 0:00,WK44,Oct,FY26
66850,2026/3/13 20:33,2026/10/27 0:00,WK44,Oct,FY26
66851,2026/3/13 20:33,2026/10/28 0:00,WK44,Oct,FY26
66852,2026/3/13 20:33,2026/10/29 0:00,WK44,Oct,FY26
66853,2026/3/13 20:33,2026/10/30 0:00,WK44,Oct,FY26
66854,2026/3/13 20:33,2026/10/31 0:00,WK44,Oct,FY26
66855,2026/3/13 20:33,2026/11/1 0:00,WK44,Oct,FY26
66856,2026/3/13 20:33,2026/11/2 0:00,WK45,Nov,FY26
66857,2026/3/13 20:33,2026/11/3 0:00,WK45,Nov,FY26
66858,2026/3/13 20:33,2026/11/4 0:00,WK45,Nov,FY26
66859,2026/3/13 20:33,2026/11/5 0:00,WK45,Nov,FY26
66860,2026/3/13 20:33,2026/11/6 0:00,WK45,Nov,FY26
66861,2026/3/13 20:33,2026/11/7 0:00,WK45,Nov,FY26
66862,2026/3/13 20:33,2026/11/8 0:00,WK45,Nov,FY26
66863,2026/3/13 20:33,2026/11/9 0:00,WK46,Nov,FY26
66864,2026/3/13 20:33,2026/11/10 0:00,WK46,Nov,FY26
66865,2026/3/13 20:33,2026/11/11 0:00,WK46,Nov,FY26
66866,2026/3/13 20:33,2026/11/12 0:00,WK46,Nov,FY26
66867,2026/3/13 20:33,2026/11/13 0:00,WK46,Nov,FY26
66868,2026/3/13 20:33,2026/11/14 0:00,WK46,Nov,FY26
66869,2026/3/13 20:33,2026/11/15 0:00,WK46,Nov,FY26
66870,2026/3/13 20:33,2026/11/16 0:00,WK47,Nov,FY26
66871,2026/3/13 20:33,2026/11/17 0:00,WK47,Nov,FY26
66872,2026/3/13 20:33,2026/11/18 0:00,WK47,Nov,FY26
66873,2026/3/13 20:33,2026/11/19 0:00,WK47,Nov,FY26
66874,2026/3/13 20:33,2026/11/20 0:00,WK47,Nov,FY26
66875,2026/3/13 20:33,2026/11/21 0:00,WK47,Nov,FY26
66876,2026/3/13 20:33,2026/11/22 0:00,WK47,Nov,FY26
66877,2026/3/13 20:33,2026/11/23 0:00,WK48,Nov,FY26
66878,2026/3/13 20:33,2026/11/24 0:00,WK48,Nov,FY26
66879,2026/3/13 20:33,2026/11/25 0:00,WK48,Nov,FY26
66880,2026/3/13 20:33,2026/11/26 0:00,WK48,Nov,FY26
66881,2026/3/13 20:33,2026/11/27 0:00,WK48,Nov,FY26
66882,2026/3/13 20:33,2026/11/28 0:00,WK48,Nov,FY26
66883,2026/3/13 20:33,2026/11/29 0:00,WK48,Nov,FY26
66884,2026/3/13 20:33,2026/11/30 0:00,WK49,Dec,FY26
66885,2026/3/13 20:33,2026/12/1 0:00,WK49,Dec,FY26
66886,2026/3/13 20:33,2026/12/2 0:00,WK49,Dec,FY26
66887,2026/3/13 20:33,2026/12/3 0:00,WK49,Dec,FY26
66888,2026/3/13 20:33,2026/12/4 0:00,WK49,Dec,FY26
66889,2026/3/13 20:33,2026/12/5 0:00,WK49,Dec,FY26
66890,2026/3/13 20:33,2026/12/6 0:00,WK49,Dec,FY26
66891,2026/3/13 20:33,2026/12/7 0:00,WK50,Dec,FY26
66892,2026/3/13 20:33,2026/12/8 0:00,WK50,Dec,FY26
66893,2026/3/13 20:33,2026/12/9 0:00,WK50,Dec,FY26
66894,2026/3/13 20:33,2026/12/10 0:00,WK50,Dec,FY26
66895,2026/3/13 20:33,2026/12/11 0:00,WK50,Dec,FY26
66896,2026/3/13 20:33,2026/12/12 0:00,WK50,Dec,FY26
66897,2026/3/13 20:33,2026/12/13 0:00,WK50,Dec,FY26
66898,2026/3/13 20:33,2026/12/14 0:00,WK51,Dec,FY26
66899,2026/3/13 20:33,2026/12/15 0:00,WK51,Dec,FY26
66900,2026/3/13 20:33,2026/12/16 0:00,WK51,Dec,FY26
66901,2026/3/13 20:33,2026/12/17 0:00,WK51,Dec,FY26
66902,2026/3/13 20:33,2026/12/18 0:00,WK51,Dec,FY26
66903,2026/3/13 20:33,2026/12/19 0:00,WK51,Dec,FY26
66904,2026/3/13 20:33,2026/12/20 0:00,WK51,Dec,FY26
66905,2026/3/13 20:33,2026/12/21 0:00,WK52,Dec,FY26
66906,2026/3/13 20:33,2026/12/22 0:00,WK52,Dec,FY26
66907,2026/3/13 20:33,2026/12/23 0:00,WK52,Dec,FY26
66908,2026/3/13 20:33,2026/12/24 0:00,WK52,Dec,FY26
66909,2026/3/13 20:33,2026/12/25 0:00,WK52,Dec,FY26
66910,2026/3/13 20:33,2026/12/26 0:00,WK52,Dec,FY26
66911,2026/3/13 20:33,2026/12/27 0:00,WK52,Dec,FY26
66912,2026/3/13 20:33,2026/12/28 0:00,WK53,Dec,FY26
66913,2026/3/13 20:33,2026/12/29 0:00,WK53,Dec,FY26
66914,2026/3/13 20:33,2026/12/30 0:00,WK53,Dec,FY26
66915,2026/3/13 20:33,2026/12/31 0:00,WK53,Dec,FY26
66916,2026/3/13 20:33,2027/1/1 0:00,WK53,Jan,FY26
66917,2026/3/13 20:33,2027/1/2 0:00,WK53,Jan,FY26
66918,2026/3/13 20:33,2027/1/3 0:00,WK53,Jan,FY26
